Epoch,Average_Loss,Validation_Accuracy
1,0.37912924,0.908620977
2,0.175780042,0.909371352
3,0.167978531,0.910205103
4,0.159974275,0.910538603
